"league_canonical","team_id","team_name","rating_entering_latest_series","latest_history_datetime","raw_team_games","effective_combined_kills_per_minute_games","rating_attack_league","rating_defense_league","rating_attack_global","rating_defense_global","momentum_attack","momentum_mortality","momentum_bloodiness","aggression_ahead_league","behavior_ahead_profile","aggression_behind_league","behavior_behind_profile","effective_snowball_opportunities","snowball_conversion_league","snowball_close_speed_league","snowball_index_league"
"CBLOL","oe:team:45c362a0cfc4b81f597b5ab89250df5","Fluxo W7M",2026-05-30 16:11:23,2026-05-16 18:58:04,64,19.7492999139496,96.4616325588823,95.514577984913,91.815289158235,101.923558441321,2.03591314374231,-6.30302581032855,-2.38336542509686,96.732670286752,"peaceful",103.646236945503,"aggressive",5.81600886584202,96.7478636080089,101.618793440142,99.1833285240757
"CBLOL","oe:team:87e3e1e75839f75a10bbc66e894d806","FURIA",2026-06-06 16:16:10,2026-05-24 17:55:36,270,21.9313018035457,109.330836089336,120.980349086157,101.293091984352,123.874973258158,-5.49821570633091,3.83166185561916,-1.37688413073995,96.811558718893,"peaceful",96.6119330960395,"peaceful",8.70197419218465,106.694836283981,99.7526771840325,103.223756734007
"CBLOL","oe:team:53ef3d5a3ac5d88bc000eff7d87aeb3","Leviatan",2026-05-02 16:10:24,2026-04-26 19:52:56,75,19.5837256330676,90.4413426300212,86.7170439981095,88.9556425550132,92.6896535120499,3.38779806414976,-1.24882110305691,0.84011633439377,98.9007142078612,"neutral",104.637045739006,"aggressive",6.03861175941189,100.569024183845,95.198978657926,97.8840014208857
"CBLOL","oe:team:ea65e6cc48a9be50fc5334369a5fca5","LØS",2026-06-06 16:16:10,2026-05-31 17:56:13,148,31.4647417705973,111.547662501202,109.439934493388,102.337818557118,113.625017138201,-1.02751940513522,-1.04956351141122,-1.03774439527977,104.593979530661,"aggressive",96.6701140647628,"peaceful",11.8275143628853,104.253956255563,102.441979881082,103.347968068322
"CBLOL","oe:team:658a021a796aa5501503220adb38cf4","LOUD",2026-05-26 00:35:59,2026-05-25 23:42:01,312,31.3516890975046,92.7707477516553,99.6276191921754,88.8722032730154,104.933672462747,1.55471539453411,-3.82020363384675,-1.25802831480476,92.2508177745902,"peaceful",102.291349037271,"neutral",5.73922288573844,97.6441511891018,98.3720207280746,98.0080859585882
"CBLOL","oe:team:61450737f7b683db4da7b3e0bf0dced","paiN Gaming",2026-05-02 16:10:24,2026-04-25 18:52:16,298,17.7120471067416,87.8374080788745,84.1379696792062,86.7527679195131,90.3731052982969,-0.529522461847662,-3.29327557392753,-2.05266098777732,100.348376421481,"neutral",103.684111442059,"aggressive",4.63634993391433,88.4283471106748,99.6275933827076,94.0279702466912
"CBLOL","oe:team:67169969ecc058b307edfa9c6b7a3c0","RED Canids",2026-05-31 16:11:02,2026-05-24 17:55:36,304,23.3487136543212,110.128714875849,111.054496602153,101.905591812321,115.407271523931,-11.0533178441913,2.60307149287509,-4.87463823187876,104.320990685474,"aggressive",94.6835139059432,"peaceful",8.04196876360528,100.235011999406,101.932390011456,101.083701005431
"CBLOL","oe:team:b9e44c69c1a70fb35df9be96f9eafea","Vivo Keyd Stars",2026-05-23 16:12:43,2026-05-09 18:57:22,221,20.7546159740066,95.941250097227,98.8793415224514,91.1579925609361,104.926978579282,-4.02267123838544,-2.05005439347229,-3.0228230915188,104.139115480522,"aggressive",94.1597905728988,"peaceful",5.61335531824468,101.357296783819,98.8271159505252,100.092206367172
"LCK","oe:team:5c2e7e9ea8dfcba0150d9a5619baecf","BNK FEARX",2026-05-30 10:20:58,2026-05-27 13:07:31,292,49.485236463707,99.3713919937805,89.3486119156034,104.670694490956,85.5760255914895,-3.01766459139039,-3.5247988097928,-3.28371647370555,104.593451614917,"aggressive",104.343310933742,"aggressive",12.2988751609944,94.3476195397639,97.4431747415672,95.8953971406656
"LCK","oe:team:b3c72a20aa56f5d28022ac04a7dc294","DN SOOPers",2026-05-30 08:05:58,2026-05-28 09:44:44,441,42.2790031103825,78.5345757176034,84.2896396422695,84.5757930599128,81.5795783936651,1.28560112493997,0.340243571409701,0.731179676631967,97.766193717887,"neutral",98.7668619913394,"neutral",8.33142975651728,84.373452919119,98.6902915447784,91.5318722319487
"LCK","oe:team:ef69efa6acebe94107f0cf1ba716806","Dplus Kia",2026-06-07 08:09:33,2026-06-06 09:57:23,600,54.8570623423801,98.7520562428651,109.63328158919,104.457022928422,102.113118066639,-0.276724665881261,-0.594277946765018,-0.430264357948005,93.232517436979,"peaceful",98.8187644582231,"neutral",19.590927093063,96.0574712555781,103.465209368483,99.7613403120304
"LCK","oe:team:50f58982d91a36557ec8aec52ab014f","Gen.G",2026-06-14 06:27:21,2026-06-13 08:24:58,631,40.9162890817756,117.111046888661,125.016938668979,120.165652418504,116.368155284495,-5.2536761626519,7.1344116286796,-0.127188387823409,99.86742127792,"neutral",96.6692799327906,"peaceful",12.7777977424348,117.113114391702,102.359335635413,109.736225013557
"LCK","oe:team:b77b3f6068e20a2b3edc0ecd3dc70d4","HANJIN BRION",2026-06-06 08:12:31,2026-05-31 09:03:34,444,38.3154631437534,92.1509339549552,101.166110555344,98.1004530445925,95.4191970457151,3.81841296153108,0.805359901539575,2.24752084775011,95.8541793338594,"peaceful",96.7415149148259,"peaceful",12.9936445660213,95.0507637302022,97.2246710595368,96.1377173948695
"LCK","oe:team:3a1d18f46bcb3716ebcfcf4ef068934","Hanwha Life Esports",2026-06-12 08:25:00,2026-05-31 09:03:34,578,43.9853984614535,126.834852303469,98.4899077183278,130.447330325227,93.6969883645165,-2.90643666323025,0.842352514975545,-1.21383640418037,114.80030392824,"aggressive",106.314261733408,"aggressive",15.6332877571009,113.622877052112,103.533868972341,108.578373012227
"LCK","oe:team:1d0389df0c5eea93b04122ba167c010","Kiwoom DRX",2026-05-29 08:09:08,2026-05-27 13:07:31,490,43.541504044392,96.8168862731434,90.4195774620544,102.218517845919,86.9829942190145,3.14606160627328,-4.31257512432495,-0.84398853040625,100.593608364179,"neutral",104.891828348138,"aggressive",11.2219689225309,95.9024035686938,99.1804749168148,97.5414392427543
"LCK","oe:team:d723992568441c6bafa2658129eade7","KT Rolster",2026-06-13 06:22:36,2026-06-07 12:08:41,542,40.1217483740468,96.5012361511179,102.330321049637,101.543908640262,96.8510902643309,-1.42337229555002,2.7055976441256,0.648119384510338,97.3671707480027,"neutral",97.9862847421406,"neutral",14.9074355481873,108.068059524859,97.7636354717066,102.915847498283
"LCK","oe:team:5cd2cd09ec94296f605dd13a2924d6c","Nongshim RedForce",2026-05-31 10:17:32,2026-05-28 09:44:44,462,44.6472948714472,103.250961125599,83.0670116146458,108.843938194073,80.4286847327177,3.09072269257868,-3.53552130896092,-0.489984984945607,108.395712981507,"aggressive",110.021784452789,"aggressive",14.937360120233,89.0989793492984,103.184911148001,96.1419452486497
"LCK","oe:team:ce499dea30cfce118f4fe85da0227e8","T1",2026-06-14 06:27:21,2026-06-12 11:22:17,738,46.2459650837899,117.876462897024,103.985945809808,121.764010597466,98.6719268841554,-6.33781230747083,1.36933206785885,-2.85524974793941,109.468664052293,"aggressive",100.706020101114,"neutral",16.1241765927195,110.193889354591,100.733635092781,105.463762223686
"LCS","oe:team:fc8e90107dabb9a35c490b0d86adea0","Cloud9",2026-06-13 20:14:55,2026-06-07 22:08:31,324,26.7456185920887,109.679289818196,105.708210908999,94.0574798342,118.168213690638,-13.6349577207096,2.94709118505165,-6.03956714313057,102.326859103958,"neutral",100.51461715549,"neutral",9.22373392697916,113.325231029446,103.27823066311,108.301730846278
"LCS","oe:team:0dbb780176ecad18f17292d1f5653af","Dignitas",2026-05-17 20:07:18,2026-05-09 22:43:18,204,16.9372626191506,85.7247713170062,88.5387447633967,79.4939343725529,99.5808489921275,4.5118594390561,-6.11479115540536,-1.49996024649154,100.963188714747,"neutral",97.6938321639206,"neutral",3.14072858966596,88.9757708151561,99.1520939177716,94.0639323664638
"LCS","oe:team:289284911fb6f41c0ccaecc3a0c2891","Disguised",2026-05-16 22:00:20,2026-05-09 22:43:18,84,21.4725244801387,94.9418980964593,82.8898053589424,87.085106587282,94.8962128013608,-0.482316787390275,-6.62745881182913,-3.86478441767891,100.714496415138,"neutral",109.697024177968,"aggressive",5.23317822070364,97.1282385766854,100.056687493922,98.5924630353039
"LCS","oe:team:2e66da41dc460dd378e3bcc57042d31","FlyQuest",2026-06-06 20:09:49,2026-05-30 21:55:42,341,34.1708497436347,112.828846660526,96.3880641061544,97.5791662322995,109.987842965475,-8.43105563270173,-7.80137072783013,-8.1296369966085,103.80708466732,"aggressive",108.942820808601,"aggressive",13.2683130378681,91.583946145633,99.8671260331394,95.7255360893862
"LCS","oe:team:da1143bf9a245b78a8dc86417de85b3","LYON",2026-06-14 20:16:15,2026-06-07 22:08:31,101,31.9836700907284,108.518274185427,107.844553835657,92.8406996976932,119.933855917199,-3.98036087919887,-3.08200355511266,-3.55285301364617,98.6264949716696,"neutral",101.72377744008,"neutral",10.3699806573262,108.204616762443,96.0662598408801,102.135438301662
"LCS","oe:team:f90422f1cbcb24bc2a855202582ec29","Sentinels",2026-05-30 20:10:37,2026-05-17 20:56:14,49,25.0441822778949,101.695887590346,101.707882663597,90.8654791298575,114.621564369883,-3.55152723602058,-5.08059753958715,-4.30410004307042,100.473773033026,"neutral",98.9994867160228,"neutral",7.6023251213116,97.0991098055378,96.2581502186061,96.6786300120719
"LCS","oe:team:b360f1d729b0a8e0f29a5243c4200fa","Shopify Rebellion",2026-05-31 20:08:32,2026-05-16 22:51:58,118,15.4109185930499,95.0715827454202,83.4364007673785,83.8288449726844,97.2875651888312,2.15603969535194,-13.5198038966683,-6.6731327038229,105.683374835918,"aggressive",104.515634295324,"aggressive",2.1954477631222,95.9430491875486,100.434918137356,98.1889836624521
"LCS","oe:team:8eb884e168f28402ce685bedebb5250","Team Liquid",2026-06-14 20:16:15,2026-06-13 21:59:47,361,34.5817122588857,113.998168695972,117.101418972503,97.460240184337,129.030927896502,-8.16452366317296,-6.3085161838963,-7.33280405820558,98.9335366534743,"neutral",99.0469330563416,"neutral",13.6487752740514,99.8421198711048,103.764785869421,101.803452870263
"LEC","oe:team:78f183fa5a7d8ecb22b9ad272c3abd7","Fnatic",2026-05-04 15:08:12,2026-05-02 15:57:13,385,30.67300696604,98.1223540465506,105.472697655269,88.8459972272946,115.859441154528,0.754659671397079,-4.0267914791593,-1.61554498949772,95.7168842385098,"peaceful",98.562872570678,"neutral",10.1527200180289,85.0492847606068,100.202906802002,92.6260957813042
"LEC","oe:team:7d6673d3a9d00363c6bebc1a630da6e","G2 Esports",2026-06-07 15:35:12,2026-05-25 18:29:48,493,40.4773935368564,119.459824176411,112.088187804385,108.214982848015,118.555418500208,-0.0942997457395052,5.75974070204813,2.47571292957115,105.171550901046,"aggressive",100.4576331961,"neutral",17.4210377085339,110.890264838156,102.456814376186,106.673539607171
"LEC","oe:team:6cd05f0ac20bfb965a59dc8bcc4f184","GiantX",2026-06-01 15:08:25,2026-05-31 17:09:50,160,29.6278273844638,96.6929735399602,96.0363438874705,90.5827171433357,103.347692073181,5.45612020534672,4.74612461951183,5.09036062311849,97.0737412413066,"neutral",102.972805513348,"neutral",8.62629441749173,105.396982418996,98.0223628379513,101.709672628474
"LEC","oe:team:f3aa9bbd924ce3af42ac53f8326bc7c","Karmine Corp",2026-06-07 15:35:12,2026-06-06 17:10:38,314,45.2629223233906,115.321907100574,110.00321065749,104.221289478345,115.652169327534,-1.12381639655277,5.44800598795258,1.83457750162178,99.3378600186234,"neutral",104.8923661789,"aggressive",14.1845970489624,116.445460225459,103.201812713271,109.823636469365
"LEC","oe:team:2d096df29ab7e32950c86e0d72fc986","Los Ratones",2026-02-08 15:53:10,2026-02-07 17:38:18,10,8.67075359421033,91.2637179478122,102.919617832716,83.4762763999829,113.605753915081,3.00255906255568,0.702822742470048,1.81881312144435,100,"neutral",93.1122861368246,"peaceful",0,100,100,100
"LEC","oe:team:4acc40654379b4da680be1bd3129dfa","Movistar KOI",2026-06-06 15:13:17,2026-05-25 18:29:48,345,39.3103953979588,113.934854842701,100.287639232053,103.656978233463,107.683420432326,1.61572602142475,3.06664953553194,2.30497875015641,101.859435104442,"neutral",108.522072506234,"aggressive",9.08632213533352,106.339687583598,102.473316543556,104.406502063577
"LEC","oe:team:d2ba9f92d85cff67d60aaad88e61048","Natus Vincere",2026-05-30 15:15:19,2026-05-16 15:59:05,60,27.647845414063,100.297758755732,98.4026835086075,93.6214622464035,105.951263719326,2.35899739120207,3.22575548426035,2.79595571450442,101.612286092126,"neutral",99.2337734275823,"neutral",11.2110444740879,100.59504133519,97.217584780116,98.9063130576528
"LEC","oe:team:a2065488a11a2c0a2403a7b347eec61","Shifters",2026-05-04 17:58:25,2026-05-03 16:12:33,35,24.5199552596044,98.101006782184,87.7857029366742,89.119293477801,98.6397021348645,1.69905991322774,-2.01322620996059,-0.280871795426634,104.257260023305,"aggressive",104.389842956854,"aggressive",5.10473658514713,93.3605823780414,99.7962161407563,96.5783992593989
"LEC","oe:team:75760dca486d4682426196b76bd1a54","SK Gaming",2026-05-02 16:58:51,2026-04-30 15:46:19,212,23.8455502148983,94.7549771782806,81.1200396332886,85.1488128066891,93.3531176979925,1.94214414381958,-4.0306002473645,-1.42794434903286,103.4691686838,"aggressive",108.497950075992,"aggressive",4.70557860733148,87.321483903672,100.64806747842,93.9847756910461
"LEC","oe:team:1285e1c04d54de96502f12da4d49458","Team Heretics",2026-05-03 15:08:24,2026-05-02 15:57:13,240,24.6549691679834,80.6178851907824,90.8576912620776,74.3168202101815,102.313376270526,4.98606883754265,1.05128805943833,2.74480931794855,99.5468055475071,"neutral",93.055532743558,"peaceful",5.54294339928197,84.6254617884473,99.5826401065241,92.1040509474857
"LEC","oe:team:e8d8ae992fe72acb7adc7bfcee31dbb","Team Vitality",2026-05-31 15:07:39,2026-05-24 16:55:24,241,28.1337047412464,102.361295702773,102.847708324671,95.0146339902936,109.934055731582,-1.06740187265446,3.72788627956092,1.28343407915568,102.692483935969,"neutral",96.2764488146857,"peaceful",10.5243777781755,104.387289680302,97.0788901300713,100.733089905187
"LES","oe:team:2d1b8a518ba70fe8352fb0fdd8aec1a","Barça eSports",2026-07-22 17:03:13,2026-07-16 18:44:50,287,17.5266898132048,105.516423808174,98.3825115946925,119.632502850431,85.9618414698353,-1.98176268624219,2.70573444823657,0.321603872183189,104.481665465595,"aggressive",100.953049315145,"neutral",7.33245444943341,86.240820135218,98.98392777689,92.612373956054
"LES","oe:team:50074114f4e5791ba2bda471c1baa3c","Falke Esports",2026-07-22 15:15:28,2026-07-16 15:56:05,25,10.9884386871671,86.0187862606917,79.4199363329184,101.3417473075,73.1072137847583,9.77695290158168,-12.4688993701567,-3.41171258823825,99.9253350608906,"neutral",106.743111211107,"aggressive",1.18772200610956,97.8611028179905,99.4434357976397,98.6522693078151
"LES","oe:team:4349ed857362135b73b20e8b27c4114","GIANTX iTero",2026-07-21 17:00:49,2026-07-15 16:25:14,156,9.38215732970425,104.569313939031,104.652959917846,118.186289135357,90.9816313757681,-0.0501592019358696,2.72821824284352,1.26264523394759,100.118951207707,"neutral",99.8919001205456,"neutral",4.32624030022967,103.417678952991,99.986754310167,101.702216631579
"LES","oe:team:374ab80ad8c28c38cd170e188e4aca8","LUA Gaming",2026-07-21 15:12:55,2026-07-14 16:50:36,105,10.5133225305249,94.675995067834,99.1857775932452,109.239678264832,87.4744971605031,-0.325988595977876,-4.5105112699448,-2.46267621822371,98.675593545941,"neutral",98.0304665639466,"neutral",1.99509863116344,101.559900946002,99.923712902471,100.741806924237
"LES","oe:team:86dbb7cea91eaf08738bdc93a8442ce","Movistar KOI Fénix",2026-07-21 17:00:49,2026-07-15 18:12:43,86,15.0605318090113,110.850929330566,103.06741812374,123.352424985943,89.6933437036708,-4.93361975879316,6.11912459417013,0.213053733763516,104.055765034,"aggressive",101.462653268135,"neutral",6.69829363044922,100.843647993344,100.32284316501,100.583245579177
"LES","oe:team:2dfc66b98002c5afad2a98dbf86e350","Team Heretics Academy",2026-07-16 16:49:40,2026-07-14 18:48:24,229,15.1010487513647,110.053978728285,126.398924188461,123.018938019989,104.58204616739,-7.49401388223035,17.919418663222,3.2887872374168,93.3562792598251,"peaceful",97.9111927802983,"neutral",8.33049714134902,101.10908762887,99.706489302973,100.407788465922
"LES","oe:team:6f2c9aa9d310fca2e24df32fe6071b7","UB Alma Mater",2026-07-22 15:15:28,2026-07-21 16:01:24,23,10.046272984155,81.6628651669427,79.3331249214679,96.9953452744705,72.9916454538464,13.1766030118898,-9.06324115453639,-0.201064773369296,100.046751056397,"neutral",103.545143266912,"aggressive",0.622611092834688,98.4431767236283,99.7853806428349,99.1142786832316
"LES","oe:team:746e6715fc4295c54954be5efc385af","UCAM Esports",2026-07-22 17:03:13,2026-07-16 15:56:05,268,18.0897265353013,103.316936728439,120.105194920444,117.794439245489,100.286255210093,4.66589681839805,9.11471658452665,6.7038058800173,98.6460823202816,"neutral",90.9743722594647,"peaceful",8.19411128662778,107.658244866558,103.31942613772,105.488835502139
"LFL","oe:team:c40f6d0d20a7a718c60342e48c144a2","BK ROG Esports",2026-02-19 17:09:08,2026-02-18 17:07:07,179,14.2370125119832,93.6350933929634,105.781561103085,99.0368022018818,100.11887032709,8.45315348171529,10.6468176635846,9.54725725115642,95.5610127551329,"peaceful",96.1242526284085,"peaceful",5.10804714701831,106.489311898493,97.4223249754481,101.955818436971
"LFL","oe:team:df682d5adfed257780a68a85004ed27","Esprit Shōnen",2026-07-22 20:02:30,2026-07-21 16:59:50,28,7.2877598716018,93.477017110845,91.4192906280272,105.035581080492,83.6545387746775,10.3434721410837,4.90251322598515,7.44132897748931,100.208500821765,"neutral",101.479769503201,"neutral",1.31639483139354,94.4193505814485,99.572513678085,96.9959321297668
"LFL","oe:team:3898fd39b2d31e0d0c2449e5b8eefba","French Flair",2026-03-05 17:08:52,2026-03-04 19:50:25,20,16.6421786094272,118.025736042214,117.228325443096,121.606273741495,107.858790564911,-0.766579091911098,6.42478888615061,2.32419866553025,102.827843324162,"neutral",98.4356418213652,"neutral",7.30193883027715,103.129105867495,103.534637682008,103.331871774751
"LFL","oe:team:e0143514c5de64f62eb418004ca2751","Galions",2026-07-22 17:55:21,2026-07-21 18:55:45,130,21.6368852747359,111.264482735263,109.352235434644,119.525805021355,96.9592752014981,0.137531725865799,14.0399223785772,6.4524250692355,102.758215580247,"neutral",99.0381644260584,"neutral",9.42030483089205,100.026320454456,104.099747990817,102.063034222636
"LFL","oe:team:7d2c778dc03e3fe0db9e45a57895b88","Ici Japon Corp. Esport",2026-07-22 17:55:21,2026-07-21 16:06:40,89,6.63283679934776,99.1714755687209,98.8789364682993,109.910851990669,89.5842039676839,10.238771323219,6.09579364665687,8.14033173870503,101.187453558025,"neutral",99.0588288234137,"neutral",3.34932189941216,94.3070354152517,101.526277360873,97.9166563880623
"LFL","oe:team:7380b73561abdd86c2391e9481acd4b","Joblife",2026-07-22 18:53:13,2026-07-21 18:55:45,77,7.53104754367423,96.0275220966861,97.0131748879572,107.678805760831,87.6553986562008,16.4021008472524,8.50602686789014,12.2837318099447,102.006707026276,"neutral",97.4346286090379,"neutral",2.6794262783035,92.5756741917567,99.9787146143708,96.2771944030638
"LFL","oe:team:42bf6c1040db8f2221ff017fa4d34e4","Karmine Corp Blue",2026-07-22 20:02:30,2026-07-21 17:55:44,165,11.8063598907789,102.987847394125,100.079400862751,113.809050379122,90.082101181059,9.15928166388898,9.289061950548,9.22310928224952,100.411389405813,"neutral",101.616272127574,"neutral",4.55382471311857,104.917954260135,99.3808097861193,102.149382023127
"LFL","oe:team:343268a42863e8fc2767e02e4042de8","Karmine Corp Blue Stars",2026-01-30 21:17:14,2026-01-29 19:53:55,2,1.89776469781761,105.274675896531,99.3585714379799,105.112245660106,98.7755912680836,5.52019360468225,5.66616450489923,5.59186526924869,103.512867553757,"aggressive",100,"neutral",0.909911190363022,93.2797191706856,100,96.6398595853428
"LFL","oe:team:d0d67d484dc965246efb5ad61417e55","Lausanne-Sport Esports",2026-01-30 20:14:57,2026-01-29 20:49:19,2,1.88950157491986,95.327844214759,94.2112579771655,96.2043561269195,94.9927103904754,6.14830583412602,3.96006923109884,5.00221414748079,100,"neutral",100.822080307529,"neutral",0,100,100,100
"LFL","oe:team:f9d5cf621532c5ac51e0947d7098b7f","Lille Esport",2026-02-19 19:09:58,2026-02-18 19:10:37,18,9.50816775423684,97.0465241999604,87.8730363423678,101.948793280493,85.6253602372221,4.94032648115974,3.51975896028513,4.18086711744702,101.435985408468,"neutral",105.575756966254,"aggressive",3.21817743737118,99.4050413295048,97.4404648066966,98.4227530681007
"LFL","oe:team:ad003d7f74930eeab29a6029c3b9f52","Project Conquerors",2026-01-30 17:04:38,2026-01-29 17:04:44,5,2.53278344982136,94.5707458540319,95.8024886294582,95.7677074727423,96.24303873632,8.00678841733925,0.2664094239679,3.90816698857378,98.3923063151937,"neutral",100.895408950218,"neutral",0.988514813392226,102.970012804122,98.8828588843335,100.926435844228
"LFL","oe:team:b659295189ec2ddd1a30e39fd3a0bd8","Skillcamp",2026-07-22 17:00:40,2026-07-21 20:00:32,24,6.1638591954703,93.1037552907956,95.6250920411805,105.190231149271,86.3820552212005,17.9360970900364,10.9395571259094,14.252491867474,98.8699451396,"neutral",99.5165003938667,"neutral",1.06749617725835,99.1801645455705,99.8360624004697,99.5081134730201
"LFL","oe:team:90938c428db11f6e372f5c6833b9743","Solary",2026-07-22 18:53:13,2026-07-21 20:00:32,222,15.9695369244877,111.339994162327,109.747291387801,120.55432430275,96.6593981665506,2.78987670393406,17.3748416280712,9.40369294703892,99.9640076409291,"neutral",101.726283235099,"neutral",5.65505285338339,113.563291278749,99.3324564353252,106.447873857037
"LFL","oe:team:1ed6b03efea53b635f14a490c45756f","TLN Pirates",2026-07-22 16:05:51,2026-07-21 16:06:40,42,13.192058968845,91.7580255531146,104.434936471814,104.671252505423,92.4457445386168,18.8435335866147,16.6894595349838,17.7420457620902,94.5193642698491,"peaceful",96.5160238820957,"peaceful",3.03130987399294,101.885042022379,99.3275211950189,100.606281608699
"LFL","oe:team:ccd089bf173a5fff1063eb0576201a7","Vitality.Bee",2026-07-22 16:05:51,2026-07-21 16:59:50,254,10.291070093666,101.453049287286,102.162791008881,113.24329241821,90.933634499426,19.828497997969,12.268412684467,16.040044879352,99.768494839405,"neutral",99.7597901046635,"neutral",2.8267979737461,106.313622521061,98.5456213782608,102.429621949661
"LFL","oe:team:0845e5e1dfba7d3865e8692152c1b52","ZYB Esport",2026-07-22 17:00:40,2026-07-21 17:55:44,27,7.92763958811802,99.2670789853887,87.0831957718344,110.999836729498,80.1583030163428,8.40994423817538,-0.143271706588635,3.83600474547961,101.591980591939,"neutral",107.470390334695,"aggressive",1.82575897451474,98.4199113160783,99.6919644076381,99.0559378618582
"LPL","oe:team:ed28f87f0cfdba0a2a8f183cebae73a","Anyone's Legend",2026-06-08 09:25:23,2026-06-05 11:09:57,521,43.0747136730309,108.998200553852,110.499432619055,106.132962334488,111.37196666463,-5.42182744163557,1.32731200226239,-2.36292401080146,99.7375789013394,"neutral",100.052930210098,"neutral",0.439336949915957,99.5954749587114,99.9874400598665,99.7914575092889
"LPL","oe:team:d356a144644879dabb5f34cd99c886d","Bilibili Gaming",2026-06-14 08:19:52,2026-06-13 12:26:09,716,55.7095619027466,127.680743997846,110.902471207249,121.969279086527,111.378193597851,-7.30515908194934,-0.855779096835917,-4.54297419978661,101.803960466624,"neutral",100.942260260071,"neutral",3.13723128395582,100.915107488902,99.9328437735318,100.423975631217
"LPL","oe:team:056c3140a119e44a03d462e2c832f27","EDward Gaming",2026-06-03 09:17:11,2026-05-30 08:11:31,436,25.0532369578169,93.5230250116552,107.035706432714,92.442419071776,108.397935263763,-4.93547007406579,3.94566729513052,-0.596396277021157,99.8802812247974,"neutral",100.781652206223,"neutral",0.777443324613297,100.148381161118,99.7434175924489,99.9458993767836
"LPL","oe:team:53a258f289c26d94431c0496a54e151","Invictus Gaming",2026-05-23 10:55:44,2026-05-17 11:15:37,475,43.1377247230136,98.9833796229478,87.7498094760958,96.9091960367356,91.0884387756373,-2.45365598134606,-1.49232513052306,-1.94867870203149,101.6494327997,"neutral",100.152414698621,"neutral",0.597560228028832,100.444295936479,100.324064090203,100.384180013341
"LPL","oe:team:b42d0f31f2727621b963042276817c4","JD Gaming",2026-06-06 09:16:17,2026-05-31 12:11:59,624,53.1963954879141,103.58212936779,108.44986493816,101.072814076216,109.751353535588,1.27093028415513,1.91731675824924,1.5791932366062,99.1817642131049,"neutral",97.8453639442707,"neutral",0.843354030585493,100.373248002238,100.470887125694,100.422067563966
"LPL","oe:team:5f401785b6b78326f9a46b3c6b206ed","LGD Gaming",2026-06-05 09:14:04,2026-06-02 13:00:07,370,27.309393643413,91.5846059229005,109.026980302375,90.5627610105731,110.387822300804,-1.65324624987822,0.0691929642296572,-0.791259205488501,100.072391665172,"neutral",100.372942094424,"neutral",0.285466803835895,99.4892367805064,99.9586816316885,99.7239592060974
"LPL","oe:team:a9145b7711873f53e610fbba0493484","LNG Esports",2026-05-23 06:07:52,2026-05-14 10:13:30,440,19.9926686478303,106.88464525167,112.969041207572,104.299218387604,114.342628991122,-2.00853166168091,3.08836994557547,0.339148198303405,99.6647052000415,"neutral",99.3706517187886,"neutral",1.04765494467423,99.3434551498303,100.209828791062,99.7766419704461
"LPL","oe:team:48d7941ccbd5b89aca46c57b0c2f8fb","Ninjas in Pyjamas",2026-05-24 06:07:37,2026-05-16 14:41:51,388,36.5315518142061,101.673383057052,102.517129408088,99.1956688108777,104.775433252533,-4.3288940054848,-1.88312874515822,-3.12868147234506,100.259356151994,"neutral",99.5358479948742,"neutral",0.833825096253732,99.1735209363895,99.9826977410786,99.5781093387341
"LPL","oe:team:f4c4528c6981e104a11ea7548630c23","Oh My God",2026-05-15 09:09:24,2026-05-13 11:13:02,361,19.3273834741622,87.6201399385044,100.822081101663,86.2933936739115,103.437093831068,-3.95923252389645,-5.34519104301252,-4.69037710819867,100.310986295675,"neutral",100.397905881053,"neutral",1.50331660929249,99.8229631130154,99.9367966790774,99.8798798960464
"LPL","oe:team:62c1cd9465dc63824593ee5046f5aa8","Team WE",2026-06-13 08:30:26,2026-06-07 11:05:11,467,43.3069952088977,90.5856911073763,84.4678003509029,89.9696567715701,87.5300948752436,1.43331560052513,-12.1133105868471,-6.19479802376303,100.345669493059,"neutral",100.8264479433,"neutral",0.397782638135835,99.7157975160286,99.8774557687542,99.7966266423914
"LPL","oe:team:df80f468a3f9a722df056fe9104f052","ThunderTalk Gaming",2026-06-02 09:15:06,2026-05-29 09:00:19,399,22.2637011400533,100.2758999906,95.7277281191072,98.6528999625283,97.6474550991656,4.95634823446923,-7.00871579865631,-1.3673654479536,100.297437756313,"neutral",99.936540873917,"neutral",0.147099435858028,100.227804619899,100.130757043424,100.179280831662
"LPL","oe:team:fcec508e780bbd1ad493852640f5b36","Top Esports",2026-06-14 08:19:52,2026-06-07 11:05:11,636,39.7717084787404,111.156104674977,95.8708892748419,108.275258837749,97.7611250802375,-5.08648233637669,-11.0417572497146,-8.01516325823468,100.292501504906,"neutral",100.470710849238,"neutral",0.339345140865863,99.6413225058847,100.038931207616,99.8401268567501
"LPL","oe:team:8d09428f093dfbf3c488bce350af0b1","Ultra Prime",2026-05-15 09:09:24,2026-05-08 11:17:03,330,14.6504414564976,92.100797481583,99.3587482418971,90.3077059251297,101.949824572564,1.33299971328034,-5.1566980319199,-2.09406793901535,100.340254544306,"neutral",100.794566119954,"neutral",0.540564511651877,99.6572988543051,100.203999679475,99.9306492668901
"LPL","oe:team:606c6ac695907af3823ee6405c58ff1","Weibo Gaming",2026-05-24 11:16:52,2026-05-14 13:30:03,575,43.6661494770739,96.2850538421598,97.2129750775897,94.2481703329854,100.000494287357,-5.84644376395741,-3.45666328656921,-4.62833745123373,100.581419677489,"neutral",100.025364962192,"neutral",0.355460041986894,99.4317954367457,100.006728226607,99.7192618316765
